ZONA,CÓDIGO VIEJO,EDIFICIO/AREA,NOMBRE DEL EDIFICACIÓN/ÁREA,NIVEL,TIPO DE ESPACIO ,DETALLE DEL ESPACIO,IDENTIFICADOR DE ESPACIO,SECUENCIA,ETIQUETA 
7,,A,CIB,0,AUDITORIO,AUDITORIO CIB,U,1,U001
7,,A,CIB,0,LABORATORIO,LABORATORIO DE COMPUTACIÓN PHOENIX,L  ,1,L001
7,,A,CIB,0,LABORATORIO,LABORATORIO DE COMPUTACIÓN CENTAURO,L  ,2,L002
7,,A,CIB,0,LABORATORIO,LABORATORIO DE COMPUTACIÓN ANDRÓMEDA,L  ,3,L003
7,,A,CIB,1,LABORATORIO,LABORATORIO DE COMPUTACIÓN ORIÓN,L  ,1,L101
7,,A,CIB,1,LABORATORIO,LABORATORIO DE COMPUTACIÓN DE PROFESORES,L  ,2,L102
7,,B,CINE ESPOL,1,LABORATORIO,SALA DE PRODUCCIÓN CINE ESPOL,L  ,1,L101
