ZONA,CÓDIGO VIEJO,EDIFICIO/AREA,NOMBRE DEL EDIFICACIÓN/ÁREA,NIVEL,TIPO DE ESPACIO ,DETALLE DEL ESPACIO,IDENTIFICADOR DE ESPACIO,SECUENCIA,ETIQUETA 
14,C-102,B,C-102,0,AUDITORIO,Audiorio FADCOM U001,U,1,U001
14,C-101,B,C-101,0,AUDITORIO,Auditorio FADCOM U002,U,2,U002
14,B-107,B,B-107,0,AUDITORIO,Auditorio FADCOM U003,U,3,U003
14,B-108,B,B-108,0,AUDITORIO,Auditorio FADCOM U004,U,4,U004
14,-,A,GOBIERNO FADCOM,0,ADMINISTRACIÓN,Administración FADCOM,G,1,G001
14,BIBLIOTECA,A,GOBIERNO FADCOM,1,BIBLIOTECA,Biblioteca FADCOM,BIBLIOTECA,1,BIBLIOTECA
