ZONA,CÓDIGO VIEJO,EDIFICIO/AREA,NOMBRE DEL EDIFICACIÓN/ÁREA,NIVEL,TIPO DE ESPACIO ,DETALLE DE ESPACIO,IDENTIFICADOR DE ESPACIO,SECUENCIA,ETIQUETA CORTA
9,-,E,AUDITORIO FCSH,0,AUDITORIO,Auditorio FCNM,U,1,U001
9,-,A,DECANATO FCNM,1,OFICINA,SECRETARIA ACADEMICA,O,1,O101
9,-,A,DECANATO FCNM,1,OFICINA,SUBDECANATO FCNM,O,2,O102
9,-,A,DECANATO FCNM,1,OFICINA,DECANATO FCNM,O,3,O103
9,-,A,DECANATO FCNM,1,OFICINA,DIRECTOR DE MATEMATICA FCNM,O,4,O104
9,-,A,DECANATO FCNM,1,OFICINA,DIRECTOR DE QUIMICA FCNM,O,5,O105
9,-,A,DECANATO FCNM,1,OFICINA,DIRECTOR DE FISICA FCNM,O,6,O106
9,-,A,DECANATO FCNM,1,OFICINA,SECRETARIA FCNM,O,7,O107
